{
  "ext/lib/ServiceUtil.js": 1652078713252,
  "i18n/i18n.properties": 1652077753490,
  "manifest.json": 1652098136914,
  "ext/controller/TotangoCustomersExt.js": 1652080160394,
  "Component.js": 1652077753482,
  "manifest-bundle.zip": 1652098136924,
  "Component-preload.js": 1652098137138,
  "ext/controller/TotangoCustomersExt-dbg.js": 1652080160394,
  "ext/lib/ServiceUtil-dbg.js": 1652078713252,
  "Component-dbg.js": 1652077753482,
  "annotations/annotation.xml": 1652077753494,
  "index.html": 1652093881830
}